id,firstName,lastName,phone,gender,birthDate
1,Cynthia,Gonzalez,+212688809894,FEMALE,05/11/1980
2,Jeremiah,Adkins,+212693295152,MALE,11/05/1972
3,Joseph,Flores,+212612154208,MALE,04/17/1987
4,Daniel,Ortiz,+212684064212,FEMALE,06/03/1981
5,Laura,Roberts,+212677598069,MALE,12/30/1969
6,Sharon,Mcdaniel,+212675979295,FEMALE,09/13/1960
7,David,Miller,+212625264815,FEMALE,01/06/1976
8,Joseph,Martin,+212634802381,FEMALE,11/10/1987
9,Timothy,Wilcox,+212633975435,FEMALE,02/13/1975
10,Barbara,Chaney,+212651896156,FEMALE,12/04/1960
11,Molly,Perez,+212648828545,FEMALE,10/19/1990
12,Edward,Walker,+212668570673,FEMALE,09/20/1970
13,Patrick,Powell,+212641720724,FEMALE,10/06/1993
14,Janice,Chambers,+212691267197,MALE,03/24/1946
15,Steve,Hill,+212621516168,FEMALE,08/04/1959
16,Nathan,Delacruz,+212660344182,MALE,05/10/1952
17,Lisa,Mcclain,+212694005338,FEMALE,11/29/1953
18,Jerry,Smith,+212670412675,MALE,04/07/1996
19,Anthony,Olsen,+212619535320,FEMALE,08/12/1955
20,Brittany,Gibson,+212652377484,MALE,10/10/1995
21,Victoria,Marshall,+212665387145,FEMALE,11/14/1998
22,James,Ramirez,+212670103226,FEMALE,03/12/1952
23,Anna,Poole,+212676837235,FEMALE,07/07/1945
24,Mark,Rosario,+212654544545,MALE,09/07/1987
25,Steve,Silva,+212641953955,FEMALE,06/30/1953
26,Patricia,Gonzalez,+212634548372,MALE,05/14/1953
27,Carlos,Butler,+212635026164,MALE,09/06/1997
28,Lauren,Waller,+212690574711,MALE,01/17/1956
29,Christine,Johnson,+212681268703,MALE,11/15/1970
30,Marcus,Castillo,+212646139025,MALE,12/08/2004
31,Jessica,Reynolds,+212644664912,MALE,11/13/1988
32,Sheila,Nelson,+212647545446,MALE,11/07/2000
33,Brian,Conner,+212699128382,MALE,07/22/1983
34,Wendy,Parker,+212659989826,FEMALE,11/08/1975
35,Cynthia,Wagner,+212678351742,FEMALE,10/18/1991
36,James,Mathews,+212661447045,FEMALE,03/15/1992
37,Jimmy,Wilson,+212643384910,MALE,04/12/1977
38,Danny,Rogers,+212638696318,MALE,07/14/1980
39,Timothy,Burke,+212645498640,FEMALE,03/16/1960
40,Heather,Harris,+212644402040,FEMALE,03/17/2004
41,Joseph,Knight,+212630225748,MALE,08/01/2004
42,Christopher,Morales,+212692026911,FEMALE,11/07/1944
43,Corey,Ferguson,+212668694833,MALE,09/06/1988
44,Erik,Woods,+212685559157,FEMALE,10/30/1995
45,Tracy,Mcconnell,+212664721669,MALE,04/18/1964
46,Jennifer,Larson,+212633563040,MALE,10/28/1963
47,Carl,Wilson,+212663202871,MALE,01/29/2004
48,Cheryl,Stanton,+212669115791,FEMALE,09/11/1946
49,Samuel,Thompson,+212638377654,MALE,08/29/1977
50,Danielle,Bates,+212641799146,FEMALE,09/01/1983
51,Gabriel,Goodwin,+212680320011,MALE,06/12/1984
52,Brittany,West,+212636459450,FEMALE,09/18/1953
53,Kimberly,Bates,+212632294147,FEMALE,06/14/1965
54,April,Carter,+212649390014,MALE,04/28/1967
55,Larry,Parsons,+212688145784,FEMALE,08/16/1962
56,Kyle,Washington,+212657958032,FEMALE,12/27/2003
57,Janet,Mitchell,+212676762514,MALE,05/31/1950
58,Michael,Choi,+212613348063,FEMALE,07/05/1972
59,Paul,Smith,+212641702675,MALE,09/14/1950
60,Brenda,Hernandez,+212611612065,FEMALE,07/12/1972
61,Lori,Parker,+212684855380,MALE,02/19/2002
62,Daniel,Wallace,+212633957894,FEMALE,04/14/1986
63,Jennifer,Walton,+212680012403,FEMALE,05/14/1952
64,Jennifer,Prince,+212676416972,MALE,03/29/2005
65,Steven,Cooper,+212689997597,MALE,06/29/1962
66,Michael,Jackson,+212662507618,FEMALE,06/08/1961
67,Crystal,Conway,+212686650405,MALE,02/26/1957
68,Heather,Gonzales,+212645431607,MALE,03/09/1977
69,Kelly,Spencer,+212648299248,FEMALE,08/23/1978
70,Dustin,Clark,+212654084999,MALE,11/26/1953
71,Cynthia,Moore,+212620243384,MALE,11/06/1944
72,Benjamin,Davidson,+212619935632,FEMALE,06/13/1985
73,Barbara,Taylor,+212638863527,MALE,02/21/1997
74,Holly,Evans,+212695730869,MALE,07/19/1971
75,Matthew,Blake,+212613005304,FEMALE,01/06/2003
76,Cassandra,Estrada,+212680277887,FEMALE,09/28/1957
77,Susan,Evans,+212638287480,FEMALE,03/18/1986
78,Jackie,Alexander,+212690867183,MALE,09/07/2005
79,Brittany,Nixon,+212677632084,FEMALE,08/30/1993
80,Jill,Phillips,+212624284434,FEMALE,04/30/1975
81,Maria,Parker,+212684640048,MALE,09/24/1964
82,Joseph,Walker,+212690663834,FEMALE,08/04/1995
83,Kenneth,Haney,+212676190046,MALE,04/17/1968
84,Peter,Rodriguez,+212635679096,MALE,11/23/1998
85,Alex,Phillips,+212618169353,MALE,01/17/1984
86,Emily,Moore,+212679121704,MALE,05/09/1956
87,Robert,Green,+212645347450,FEMALE,09/18/1991
88,Amanda,Davis,+212625441315,FEMALE,04/27/1951
89,Margaret,Vega,+212639179769,FEMALE,10/01/1945
90,Valerie,Johnson,+212679016494,FEMALE,04/12/1958
91,Margaret,Washington,+212624070060,MALE,03/08/1969
92,Heather,Johnson,+212672127634,FEMALE,06/22/1963
93,Helen,Mayo,+212696820592,FEMALE,05/12/1958
94,Ryan,Castro,+212638239245,FEMALE,07/29/2004
95,Timothy,Miller,+212699915428,MALE,02/06/1985
96,John,Haynes,+212686247083,MALE,07/07/1998
97,Shawn,Gentry,+212610949490,FEMALE,10/18/1991
98,Erin,Johnston,+212664452113,MALE,04/01/1993
99,Andrea,Hamilton,+212663847553,FEMALE,07/24/1989
100,Ian,Cisneros,+212669592681,MALE,08/09/1984
101,Laurie,Phelps,+212665079204,MALE,11/24/1966
102,Tamara,Brown,+212683782802,MALE,05/26/1952
103,Emily,Perez,+212677790750,MALE,02/17/1990
104,John,Powell,+212665219498,FEMALE,12/13/1964
105,Kristina,Wilkins,+212619250970,MALE,02/13/1981
106,Michael,Carr,+212666496551,FEMALE,04/17/1995
107,Robin,Stein,+212668720721,MALE,09/15/1966
108,Julia,Burton,+212634504075,FEMALE,09/20/1998
109,Gordon,Johnson,+212662550826,FEMALE,11/01/1975
110,Kaitlyn,Rivera,+212673843534,MALE,10/05/1960
111,Karen,Nunez,+212653039506,MALE,07/23/1976
112,Joshua,Pena,+212639334027,FEMALE,12/19/1999
113,Michael,Pittman,+212612199215,FEMALE,11/17/1989
114,Sarah,Love,+212667588380,MALE,05/04/1972
115,Shawn,Prince,+212635793217,FEMALE,05/14/1946
116,Brandi,Miles,+212672477263,MALE,08/28/1952
117,Tina,Adams,+212677714840,FEMALE,07/04/1964
118,Alexandra,Short,+212688806760,FEMALE,05/22/1990
119,Kathy,Adkins,+212634086356,MALE,01/17/1989
120,Vickie,Ritter,+212614904910,FEMALE,04/17/1951
121,Travis,Dixon,+212621215826,FEMALE,01/01/1980
122,Kara,Reid,+212697294086,FEMALE,12/29/1991
123,Brandi,Klein,+212618514605,MALE,09/28/1946
124,Jeffrey,Jones,+212675922615,FEMALE,11/18/1962
125,Michelle,White,+212641731808,FEMALE,06/11/1958
126,Kimberly,Rodriguez,+212673864471,FEMALE,07/19/1994
127,Tammy,Cunningham,+212680755113,MALE,06/19/1994
128,Kristin,Griffin,+212672956343,FEMALE,09/07/1944
129,David,Hayes,+212632159471,FEMALE,06/01/1962
130,Samuel,Wong,+212656393905,MALE,01/15/2000
131,Andrew,Brooks,+212663972822,FEMALE,12/07/1943
132,Nancy,Flores,+212681141073,FEMALE,10/28/1953
133,Tammy,Hobbs,+212649354244,MALE,05/28/1990
134,Lori,Mueller,+212676894117,MALE,03/03/1966
135,Jasmin,Salinas,+212663909532,MALE,01/14/1968
136,Jack,White,+212638069401,MALE,05/14/1971
137,Lee,Johnson,+212645842284,FEMALE,09/28/1949
138,Matthew,Carlson,+212690836747,FEMALE,03/19/1950
139,John,Rios,+212663647658,MALE,07/18/1961
140,Drew,Snyder,+212643767063,MALE,09/05/2001
141,Dawn,Hardy,+212616625131,FEMALE,08/19/1997
142,Brady,Nguyen,+212671524540,MALE,03/01/2001
143,Karen,Phillips,+212619936724,MALE,01/25/1948
144,John,Peterson,+212697430076,FEMALE,05/06/1946
145,Elizabeth,Ray,+212688922389,MALE,03/17/1994
146,Catherine,Adams,+212650064170,FEMALE,11/20/1951
147,Connie,Cole,+212625088460,MALE,10/03/1956
148,Jacob,Daniel,+212647681750,FEMALE,03/03/1982
149,Ryan,Newman,+212647736252,MALE,12/12/1973
150,Elizabeth,Key,+212699081954,MALE,02/14/1971
151,Derrick,Stephenson,+212612077078,FEMALE,09/27/1963
152,Sarah,Pruitt,+212627868070,FEMALE,03/03/1945
153,Cassandra,Williams,+212692898667,MALE,09/22/1947
154,Jennifer,Ramirez,+212694613950,FEMALE,12/07/2005
155,Nathan,Castro,+212693580477,FEMALE,04/02/1989
156,Ryan,Cook,+212625106623,FEMALE,08/09/1987
157,Nicholas,Sparks,+212663025482,MALE,07/09/1982
158,Sarah,Casey,+212675956467,FEMALE,11/06/1967
159,Ashley,Contreras,+212611291212,MALE,12/03/1946
160,Sergio,Duncan,+212616273777,MALE,07/28/1982
161,Christopher,Lowe,+212675338487,FEMALE,07/07/1944
162,Daniel,Gonzalez,+212643224760,FEMALE,05/12/1967
163,Matthew,Maldonado,+212691528902,MALE,01/08/1945
164,Brittany,Miller,+212611332320,FEMALE,12/28/1960
165,Loretta,Miller,+212637381762,FEMALE,11/09/1985
166,Ashley,Jordan,+212618289906,MALE,01/18/1984
167,Monica,Webster,+212658427481,MALE,08/27/1958
168,James,Wright,+212678587437,FEMALE,07/21/2004
169,Christine,Walker,+212638060435,MALE,04/19/1970
170,Vicki,James,+212679769966,MALE,02/21/1963
171,Eduardo,Williams,+212664493475,MALE,04/09/1985
172,Connor,Davenport,+212688702971,MALE,06/30/2001
173,Brittany,Norman,+212659678110,MALE,02/04/1999
174,Briana,Taylor,+212610280237,FEMALE,11/20/1983
175,Matthew,Brown,+212610570232,FEMALE,06/01/1969
176,Melanie,Simon,+212651652386,MALE,03/21/1989
177,Erica,Stone,+212680731711,MALE,03/14/1957
178,Alyssa,Miller,+212684972637,FEMALE,07/27/1943
179,Michelle,Jacobs,+212681815071,MALE,07/20/1996
180,Paula,Webb,+212648167968,MALE,08/05/1963
181,Pamela,Doyle,+212662747942,MALE,10/08/2001
182,Shawn,Hall,+212673862170,MALE,03/31/1956
183,Ian,Ball,+212655033128,MALE,01/16/1987
184,Kelly,Thompson,+212620343964,MALE,03/16/1956
185,Tyler,Mcbride,+212647158385,MALE,09/23/1990
186,James,Soto,+212694443619,FEMALE,06/26/1985
187,Larry,Huang,+212684310917,FEMALE,06/03/2004
188,Jasmine,Mcgee,+212620461582,MALE,11/24/1957
189,Steven,Freeman,+212611738858,MALE,02/24/1990
190,Ryan,Pearson,+212694699317,MALE,05/22/1970
191,Margaret,Scott,+212616315066,MALE,02/11/1969
192,William,Osborn,+212668940844,FEMALE,12/13/1953
193,Sheena,Hodges,+212658097625,FEMALE,10/06/1945
194,Donna,Price,+212668823415,FEMALE,03/23/1958
195,Cynthia,Buck,+212683546018,FEMALE,06/19/2000
196,Emily,Olson,+212610575473,MALE,12/30/1985
197,John,Hardy,+212671001673,MALE,01/01/1947
198,Scott,Wolf,+212614144621,MALE,07/06/1983
199,Billy,Richards,+212675476045,MALE,04/06/1978
200,Deborah,Gilmore,+212642313729,FEMALE,06/11/1993
201,Thomas,Anderson,+212697163051,FEMALE,06/03/1984
202,Jaclyn,Cole,+212644230862,FEMALE,09/08/1969
203,Francis,Dyer,+212613947870,FEMALE,10/02/1984
204,Amanda,Mathis,+212682541320,FEMALE,12/09/1948
205,Randy,Armstrong,+212641416747,MALE,05/07/1949
206,Jamie,Martin,+212683476220,FEMALE,01/17/1980
207,Megan,Salazar,+212669369431,MALE,05/05/1988
208,Gary,Rivera,+212636590450,FEMALE,09/12/1945
209,Amy,Johnson,+212667923291,MALE,03/31/2006
210,Sherry,Mcfarland,+212695959090,MALE,05/12/1993
211,Jonathan,Ryan,+212686204655,FEMALE,08/13/1974
212,Carmen,Wood,+212690539221,MALE,04/26/1975
213,Anna,Davis,+212662932472,FEMALE,06/22/1991
214,James,Miranda,+212674500936,MALE,03/25/2004
215,Danielle,Garcia,+212698739081,FEMALE,10/27/1981
216,Tammy,Wilson,+212699273447,MALE,05/06/1986
217,Mark,Gonzalez,+212655574019,FEMALE,09/18/1950
218,Kathleen,Ramirez,+212694232281,MALE,01/01/1946
219,Vickie,Kelly,+212685191297,FEMALE,06/06/1970
220,Jaclyn,Ramirez,+212626955543,FEMALE,04/09/1971
221,Donald,Quinn,+212628961223,MALE,01/10/1977
222,Jeremy,Scott,+212657761807,MALE,07/30/1964
223,James,Shah,+212646247672,FEMALE,02/24/1991
224,Julie,George,+212674373730,MALE,03/25/1982
225,John,Good,+212667281364,MALE,01/04/1994
226,Sarah,Houston,+212645610294,FEMALE,09/26/1960
227,Jennifer,Williams,+212656360571,MALE,07/19/1959
228,Madison,Davis,+212634010456,FEMALE,08/28/1996
229,Danny,Harrison,+212628279532,MALE,05/22/1955
230,David,Farrell,+212665745950,FEMALE,08/11/1948
231,Charlotte,Green,+212634655211,MALE,01/27/1953
232,Michelle,Travis,+212636867052,MALE,07/04/1965
233,Mark,Bauer,+212619065709,FEMALE,04/24/2000
234,Michelle,Flynn,+212651405016,FEMALE,09/16/1983
235,Sharon,Rowland,+212695878518,MALE,06/03/1954
236,Harry,Taylor,+212630334391,MALE,07/01/1971
237,David,Turner,+212623636396,MALE,08/18/2001
238,Karen,Madden,+212690746376,MALE,10/15/1947
239,Jesse,Bruce,+212634756377,FEMALE,05/03/1969
240,Diana,Jones,+212640437619,FEMALE,05/29/1945
241,Christine,Johnson,+212656682400,FEMALE,08/30/1988
242,Laura,Gross,+212675682731,FEMALE,09/17/1943
243,David,Henry,+212647586854,FEMALE,11/19/1948
244,Kevin,Adams,+212644645310,MALE,05/31/1945
245,Anna,Benjamin,+212631269443,FEMALE,03/02/1976
246,Christopher,Nguyen,+212638240306,FEMALE,08/30/1946
247,Daniel,Turner,+212660649453,MALE,08/10/1952
248,William,Sutton,+212683112703,MALE,11/21/1981
249,Amy,Hendrix,+212611617016,FEMALE,07/27/1999
250,Heather,Wilson,+212672423787,MALE,01/05/1989
251,Brian,Peters,+212693307766,FEMALE,02/06/2002
252,Christopher,Singh,+212636580743,FEMALE,06/20/1959
253,Teresa,Strickland,+212693467045,MALE,04/20/1944
254,Michelle,Alvarez,+212611387717,FEMALE,12/29/1968
255,Christopher,Tran,+212610160508,FEMALE,11/15/1992
256,John,Nelson,+212645122095,FEMALE,04/11/1989
257,Alyssa,Pruitt,+212627724403,MALE,10/16/1980
258,Kelly,Brown,+212612027726,MALE,04/16/2000
259,Hannah,Martinez,+212688118995,FEMALE,11/08/1970
260,Christina,Smith,+212647059312,FEMALE,12/07/1944
261,Alexander,Jordan,+212687749003,FEMALE,04/02/1958
262,Melissa,Boyd,+212620266715,FEMALE,04/09/1996
263,Paul,Singleton,+212655059374,MALE,03/23/1979
264,Leonard,Lawrence,+212627624157,FEMALE,10/06/1976
265,Kelly,Douglas,+212622377629,MALE,04/08/1994
266,Beth,Gates,+212681820652,MALE,03/07/1996
267,James,Garner,+212662456071,MALE,06/30/1950
268,Hailey,Riley,+212649349599,FEMALE,07/08/1957
269,Adam,Hansen,+212697891524,FEMALE,12/20/2000
270,Dustin,Mckenzie,+212621663008,FEMALE,03/12/1994
271,Adam,Griffin,+212662921104,FEMALE,06/05/1960
272,Jennifer,Rivers,+212672420249,FEMALE,03/22/1999
273,Jeffrey,Brennan,+212675148317,FEMALE,12/03/1954
274,Spencer,Trujillo,+212659722592,FEMALE,07/26/1991
275,Peter,Saunders,+212673433489,FEMALE,01/08/1972
276,Beth,Bowen,+212610000681,FEMALE,10/23/1988
277,Matthew,Gardner,+212694528360,FEMALE,04/23/1992
278,Tara,Mitchell,+212635001670,MALE,06/18/2000
279,Brent,Hughes,+212659110221,MALE,04/12/1987
280,Daniel,Rios,+212632590562,MALE,10/27/1993
281,Cynthia,Reyes,+212673484461,FEMALE,01/02/1960
282,Monica,Ruiz,+212613478368,MALE,03/19/1963
283,Mary,Stevenson,+212690944756,MALE,01/09/1988
284,Angel,Sampson,+212669528285,MALE,09/04/2000
285,Kerri,Robertson,+212667595927,MALE,01/15/1990
286,Angela,Davis,+212612647295,FEMALE,04/11/1958
287,Jacob,Boyd,+212662755687,FEMALE,11/01/1949
288,Samuel,Mccoy,+212682084488,FEMALE,02/17/1989
289,Matthew,Miller,+212679152847,MALE,04/30/1961
290,Amber,Ward,+212667183166,FEMALE,04/06/1971
291,Joshua,Manning,+212647791836,MALE,01/22/1958
292,Gail,West,+212616533880,MALE,06/18/1969
293,Jennifer,Brown,+212613041562,MALE,04/19/1944
294,David,Patel,+212643145354,MALE,06/30/1993
295,Amy,Day,+212694465941,FEMALE,02/24/1981
296,Lawrence,Jenkins,+212641011719,FEMALE,10/30/1967
297,Susan,Jackson,+212697893656,MALE,07/21/1999
298,Robert,Chavez,+212646575501,MALE,03/10/1987
299,Phillip,Young,+212673988274,FEMALE,03/20/1958
300,Christopher,Burns,+212678190064,MALE,05/26/1982
301,Alice,Evans,+212680976904,FEMALE,07/15/2004
302,Jeffrey,Gonzalez,+212682330626,MALE,01/04/1977
303,Cody,White,+212635926032,MALE,09/06/1957
304,James,Evans,+212652912921,MALE,11/13/1974
305,Benjamin,Dodson,+212644810321,FEMALE,09/29/1988
306,Christopher,Dickson,+212615133640,MALE,01/16/1950
307,Jerome,Price,+212693131331,FEMALE,05/15/1964
308,William,Valdez,+212664578060,FEMALE,03/12/1958
309,Rita,Proctor,+212617628204,MALE,08/01/1979
310,Mark,Gonzalez,+212638663344,FEMALE,08/29/1950
311,Erik,Ryan,+212679628652,FEMALE,06/25/1971
312,Teresa,Rowe,+212686250981,MALE,07/24/1952
313,Dylan,Mullen,+212691163526,MALE,05/16/1950
314,Joshua,Miller,+212623177154,FEMALE,02/16/1951
315,Aaron,Mccoy,+212619430677,MALE,05/07/1990
316,Carl,Anderson,+212696544271,MALE,06/21/1977
317,Kristen,Chapman,+212628238902,FEMALE,09/26/1986
318,Willie,Reyes,+212698658573,MALE,07/03/1945
319,Sheila,White,+212651427231,MALE,04/09/1979
320,Andrew,Walker,+212610754931,MALE,01/20/1976
321,Joseph,White,+212675104896,FEMALE,01/17/1973
322,Jessica,Cunningham,+212669595264,FEMALE,09/03/1969
323,Lisa,Ramos,+212623089052,MALE,06/18/1986
324,Kenneth,Wade,+212619062212,MALE,06/07/1999
325,William,Hammond,+212617401928,FEMALE,02/13/1992
326,Donald,Dominguez,+212689831476,FEMALE,09/12/1957
327,William,Velasquez,+212615829723,FEMALE,04/07/1952
328,Sandra,Woods,+212694092331,MALE,05/04/1963
329,Andrea,Garza,+212674051132,MALE,04/02/1954
330,Julie,Wood,+212685841904,MALE,05/13/1955
331,Paula,Smith,+212654172619,MALE,08/13/1975
332,Kimberly,Bush,+212651871572,FEMALE,01/08/1977
333,Brian,Patel,+212653744452,MALE,02/20/1968
334,Danielle,Huff,+212675543696,FEMALE,07/03/1970
335,Christina,Boyer,+212685537052,MALE,07/25/1993
336,Ryan,Cole,+212631867123,FEMALE,07/23/2003
337,Isabella,Harris,+212666324056,FEMALE,10/09/1956
338,Antonio,Jacobs,+212642618178,FEMALE,08/14/1951
339,Haley,Calhoun,+212668455521,MALE,11/05/1945
340,Tyrone,Jones,+212676634967,FEMALE,04/27/1977
341,Michelle,Hernandez,+212633833872,FEMALE,12/01/1989
342,Patricia,Phelps,+212673718954,FEMALE,12/03/2004
343,Anthony,Hernandez,+212685063022,FEMALE,09/19/1950
344,Brandon,Garcia,+212686088190,MALE,05/16/1974
345,Robert,Gardner,+212649496054,FEMALE,06/24/1990
346,Willie,Kaiser,+212671083095,FEMALE,04/21/1968
347,Johnny,Porter,+212645961472,MALE,11/14/2000
348,Mariah,Smith,+212641988698,FEMALE,06/26/1966
349,Sara,Macias,+212626274254,MALE,02/21/1946
350,Kaylee,Fox,+212680560389,MALE,12/15/2004
351,Rebecca,Owens,+212651838433,MALE,03/07/1962
352,Melanie,Barrett,+212638198043,MALE,08/21/1951
353,Miguel,Landry,+212656988460,FEMALE,06/23/1977
354,Krystal,Hunt,+212619303907,MALE,07/31/2002
355,Amanda,Hill,+212648190405,MALE,12/18/1970
356,Gregory,Mack,+212683798851,MALE,06/18/1966
357,Lance,Griffith,+212611195990,FEMALE,01/21/1955
358,Scott,Hammond,+212682108519,FEMALE,11/22/1982
359,Pamela,Rhodes,+212621078896,FEMALE,06/11/1986
360,Judith,Schmidt,+212615699822,FEMALE,09/10/1991
361,George,Middleton,+212632343299,MALE,05/09/1950
362,Elizabeth,Cruz,+212696929416,MALE,02/16/1997
363,Lisa,Taylor,+212610695050,FEMALE,08/07/1971
364,Candice,Molina,+212616062699,FEMALE,11/24/1978
365,Luis,Clark,+212662737844,FEMALE,02/13/1951
366,Kaitlyn,Hickman,+212624558969,FEMALE,04/16/1995
367,Daniel,Mathis,+212611166877,FEMALE,10/24/1967
368,Daniel,Moran,+212699107763,FEMALE,01/28/1966
369,Aaron,Lee,+212642946909,FEMALE,06/22/1990
370,Susan,Smith,+212621240003,FEMALE,01/30/1956
371,Theresa,Terry,+212683867646,FEMALE,04/22/1945
372,Joseph,Schmidt,+212612302679,FEMALE,09/08/2000
373,Nicholas,Davis,+212676654857,FEMALE,02/10/1953
374,Brian,Cooper,+212646766977,FEMALE,01/30/1945
375,Brian,Moss,+212680736855,MALE,10/07/1976
376,Thomas,Washington,+212650200805,FEMALE,06/20/1985
377,Jennifer,Murphy,+212640945594,MALE,03/29/1992
378,Michael,Harris,+212660391601,FEMALE,05/08/2006
379,Jonathon,Hodge,+212681671514,FEMALE,03/20/1969
380,Cheryl,Henderson,+212693517484,MALE,02/25/1959
381,Cameron,Landry,+212625005833,FEMALE,04/21/1991
382,William,Caldwell,+212638027592,FEMALE,05/27/1981
383,Sandra,Ortiz,+212622879649,MALE,07/27/1962
384,Adam,Hebert,+212645042394,MALE,11/11/1965
385,Malik,Rodriguez,+212689039583,FEMALE,04/22/1959
386,Deanna,Downs,+212624492694,MALE,10/10/1981
387,Amy,Silva,+212650028583,FEMALE,12/15/1965
388,Gary,Bridges,+212691359732,MALE,03/04/1992
389,Yvonne,Hampton,+212637785012,MALE,10/29/1989
390,Robert,Williams,+212691088863,MALE,06/04/1992
391,Daniel,Mullins,+212636993708,MALE,08/08/1958
392,Darryl,Thomas,+212658553410,MALE,05/06/1946
393,Tyler,Byrd,+212690039885,FEMALE,09/09/1968
394,Brittany,Levine,+212670394095,FEMALE,02/20/1983
395,Monica,Wright,+212668216937,MALE,12/06/1963
396,Alex,Graham,+212683679767,MALE,07/21/1965
397,Amanda,Chandler,+212610578448,FEMALE,08/08/1975
398,James,Montoya,+212678015040,FEMALE,03/28/1998
399,Jamie,Gaines,+212616838621,MALE,11/17/1953
400,Louis,Jones,+212692208984,MALE,12/12/1981
401,William,Webster,+212625318188,FEMALE,08/25/1972
402,Joseph,Hodge,+212613437051,FEMALE,03/26/1955
403,Wyatt,Martin,+212634468017,FEMALE,07/06/1988
404,Keith,Lewis,+212666469621,MALE,01/01/1994
405,Meghan,Lewis,+212640599629,MALE,02/04/1969
406,Kelly,Lynn,+212617815068,MALE,02/16/1986
407,Sean,Young,+212658732950,FEMALE,08/08/1988
408,Kelli,Delacruz,+212660699690,MALE,01/03/1964
409,Matthew,Alvarado,+212662677807,MALE,05/28/1950
410,Brian,Herrera,+212670724750,FEMALE,05/09/1972
411,William,Allison,+212624459063,MALE,10/31/1977
412,Curtis,Powell,+212641308321,MALE,02/10/1978
413,Jason,Rice,+212643101992,MALE,12/15/1973
414,Nathan,Massey,+212673477977,FEMALE,03/18/1961
415,Ebony,Good,+212681282866,MALE,05/29/1990
416,Tiffany,Stewart,+212654684609,MALE,01/21/1984
417,Regina,Martinez,+212631248775,FEMALE,12/30/1984
418,Kathryn,Kirk,+212685828921,FEMALE,06/12/1990
419,Savannah,Schmidt,+212674992858,MALE,09/14/2000
420,Eric,Cordova,+212661640390,FEMALE,10/27/1990
421,Virginia,Thompson,+212672347681,MALE,05/16/1973
422,Jacob,Howard,+212644982515,MALE,05/31/1980
423,Sonya,Alvarez,+212611777453,MALE,06/03/1964
424,Michael,Rojas,+212640569134,FEMALE,11/14/2003
425,Robin,Mitchell,+212689272723,MALE,03/08/1987
426,Michael,Phillips,+212640531740,FEMALE,10/16/1946
427,Kevin,Clark,+212630414375,FEMALE,10/15/1958
428,Austin,Barajas,+212632834002,MALE,06/23/1969
429,Cheryl,Smith,+212619382115,MALE,05/26/1951
430,Michele,Calderon,+212637586650,MALE,07/11/2005
431,Thomas,Bowman,+212615788294,FEMALE,10/25/1988
432,Patricia,Doyle,+212661843479,FEMALE,11/05/1964
433,Cory,Chandler,+212682030700,MALE,11/22/1945
434,Roy,Turner,+212623415614,FEMALE,09/17/1959
435,Madeline,Johnson,+212680667116,FEMALE,08/04/1983
436,Angela,Day,+212698300934,FEMALE,01/29/1983
437,Matthew,Mills,+212631275673,MALE,04/26/1984
438,Eric,White,+212687208511,MALE,02/17/1960
439,Matthew,Wells,+212622625997,FEMALE,05/17/1993
440,Ronald,Nelson,+212611769223,FEMALE,07/25/1986
441,Wendy,Sanders,+212621177334,FEMALE,09/08/1984
442,Steven,Perez,+212617731282,FEMALE,10/17/1969
443,Ryan,Watson,+212692874794,FEMALE,08/11/1968
444,Sally,Edwards,+212664529648,FEMALE,02/21/1967
445,Marie,Jones,+212629596142,FEMALE,01/31/1975
446,Ashley,Vance,+212695430484,FEMALE,03/21/1987
447,Edward,Miller,+212617990479,MALE,02/07/1977
448,Jessica,Arroyo,+212615526357,MALE,09/09/1968
449,Tracy,Burton,+212677357522,MALE,05/06/1975
450,Matthew,James,+212660631627,FEMALE,02/08/1988
451,Ricky,Shaw,+212617680820,FEMALE,11/10/1947
452,Tina,Trujillo,+212697943508,FEMALE,04/18/1982
453,Samuel,Hunter,+212628265734,FEMALE,09/16/1986
454,Rhonda,Chambers,+212624311602,MALE,01/01/1956
455,Kevin,Hubbard,+212623532835,MALE,05/31/1969
456,Angela,Shah,+212627375875,MALE,08/10/1973
457,Christopher,Bond,+212657502758,MALE,11/09/1974
458,Mary,Holmes,+212635627687,MALE,10/10/1960
459,Jason,Edwards,+212624343978,FEMALE,06/18/1943
460,Robert,Rodriguez,+212641298545,MALE,05/14/1972
461,David,Hamilton,+212646231159,MALE,11/08/1953
462,Karen,Sharp,+212664989772,FEMALE,05/13/1956
463,Monique,Patel,+212696183833,FEMALE,11/09/1984
464,Eric,Roberts,+212635110064,MALE,12/21/1993
465,Kimberly,Jones,+212652254763,MALE,07/03/1947
466,David,Lucas,+212672938815,MALE,11/17/1944
467,Amy,Cohen,+212699541564,FEMALE,09/09/1981
468,Mercedes,Torres,+212628551667,FEMALE,11/30/1974
469,James,Marshall,+212631781166,MALE,10/12/1998
470,Walter,Cisneros,+212666468764,MALE,05/07/1969
471,Melanie,Williams,+212644990913,MALE,10/21/1994
472,Janet,Collier,+212667141369,MALE,01/23/1987
473,Andrew,Andrade,+212629493062,FEMALE,04/23/1952
474,John,Taylor,+212659287144,MALE,12/23/1944
475,Erin,Leon,+212694792967,MALE,07/11/1960
476,Shannon,Gill,+212631048207,MALE,01/22/1951
477,Anita,Weaver,+212639557533,FEMALE,01/01/1988
478,Thomas,Williams,+212683435765,FEMALE,07/03/1949
479,Brian,Martinez,+212663377263,FEMALE,09/09/1993
480,Courtney,Dickson,+212622424645,FEMALE,09/21/1973
481,Theresa,Hall,+212620796076,FEMALE,12/17/2001
482,Mary,Clements,+212667016706,FEMALE,07/01/1999
483,Jeffrey,Patton,+212656862655,MALE,09/22/1960
484,Kevin,Rodriguez,+212610754647,FEMALE,10/20/1956
485,Amy,Austin,+212663584343,MALE,03/03/1954
486,Jennifer,Boyer,+212680076120,FEMALE,02/07/1983
487,Joseph,Mckay,+212694927310,FEMALE,02/24/1977
488,Maria,Castro,+212634250368,MALE,10/20/1967
489,Meagan,Villegas,+212671945866,FEMALE,04/08/1966
490,Brenda,Estes,+212640842381,MALE,06/18/1959
491,Michelle,Petersen,+212693385966,MALE,06/04/2000
492,Tina,Kaufman,+212677998584,MALE,02/17/1954
493,Jessica,Lynn,+212675096250,FEMALE,04/25/1945
494,Gabrielle,Phelps,+212669354020,MALE,05/18/1950
495,Stephanie,Ellis,+212665162174,MALE,09/30/1993
496,Rodney,Wilson,+212674812564,MALE,03/14/1966
497,Brandy,Martinez,+212673868062,MALE,05/03/1946
498,Samantha,Martinez,+212627759375,FEMALE,05/06/1953
499,Thomas,Harris,+212652795606,MALE,09/12/1977
500,Angela,Greene,+212641347119,MALE,04/12/1991
501,Aaron,Church,+212662348576,MALE,10/09/1975
502,Melissa,Medina,+212666610702,FEMALE,09/09/1968
503,Amanda,Foley,+212699666560,FEMALE,03/16/1996
504,John,Simpson,+212655575461,FEMALE,11/10/1968
505,Aaron,Black,+212694403291,FEMALE,05/19/1949
506,Tracey,Smith,+212678979005,FEMALE,03/18/1974
507,Sarah,Gutierrez,+212627685955,MALE,01/09/1981
508,Anthony,Bennett,+212681060605,FEMALE,02/14/1993
509,Zachary,Brown,+212673817784,FEMALE,08/17/1977
510,Mark,Davenport,+212660698296,MALE,07/03/1990
511,Justin,Edwards,+212675771076,MALE,08/02/1947
512,Tara,Chang,+212656281888,MALE,07/12/1967
513,Melissa,Hampton,+212618857027,MALE,10/31/1954
514,Rickey,Vargas,+212649117200,MALE,04/02/1996
515,Anita,Moore,+212635103474,MALE,05/04/1967
516,Kristie,Dominguez,+212629879856,MALE,10/27/2003
517,Michael,Reyes,+212679058202,MALE,12/07/1982
518,Paul,Parker,+212674083514,MALE,12/25/2000
519,Edgar,Baxter,+212622060087,FEMALE,11/16/1995
520,Erica,Smith,+212652567139,MALE,07/23/2004
521,Todd,Simpson,+212646491313,MALE,03/28/1974
522,Marvin,Anderson,+212690621476,MALE,01/31/1944
523,Joshua,Vincent,+212656470399,FEMALE,09/11/2004
524,Matthew,Reed,+212672138039,MALE,03/27/1958
525,Timothy,Nunez,+212642720416,MALE,10/20/1989
526,Emily,Miller,+212691702896,FEMALE,08/21/1978
527,Anthony,Perez,+212658394348,FEMALE,06/17/1999
528,Amanda,Buchanan,+212650169070,FEMALE,11/17/1961
529,Peter,Martinez,+212625605199,FEMALE,05/09/2000
530,Bethany,Colon,+212657974335,FEMALE,03/20/1951
531,Zachary,Howell,+212656381568,MALE,03/25/1999
532,Dawn,Patterson,+212684166980,MALE,07/05/1961
533,Kaitlyn,Morris,+212622156466,MALE,01/24/1988
534,Michelle,Murphy,+212614079872,MALE,11/17/1975
535,Karen,Welch,+212630635999,FEMALE,12/20/1973
536,Robert,Mcguire,+212636665740,MALE,05/24/1974
537,Rachel,Lin,+212691626765,FEMALE,11/17/1966
538,Joseph,Williams,+212643637720,MALE,06/30/1986
539,Caleb,Allen,+212654895116,MALE,10/19/1961
540,David,Miller,+212695756836,FEMALE,06/22/2001
541,Ana,Mathis,+212643528046,FEMALE,12/10/1961
542,William,Lewis,+212661903464,MALE,10/11/2002
543,Darryl,Stone,+212630310444,FEMALE,03/28/1985
544,Kelly,Wolfe,+212681564642,MALE,10/06/1963
545,Karen,Parker,+212685104027,FEMALE,07/06/1963
546,Sally,Lee,+212675756517,MALE,04/21/1992
547,Taylor,Schmidt,+212652217335,FEMALE,03/15/1990
548,Nicholas,Luna,+212667012739,MALE,08/25/1982
549,Vanessa,Charles,+212684788018,MALE,04/07/1957
550,Jason,Austin,+212663995914,FEMALE,02/24/1950
551,Daniel,Arnold,+212627454629,FEMALE,09/25/1980
552,Aaron,Campbell,+212696468498,MALE,07/02/1982
553,Gerald,Wright,+212692500852,MALE,02/07/1950
554,Susan,Beltran,+212625800737,MALE,12/25/1979
555,Joseph,Thompson,+212670502157,FEMALE,04/20/1968
556,John,Williams,+212688115504,FEMALE,01/17/1994
557,Jacob,Hicks,+212688580751,MALE,07/26/1943
558,Christina,Berry,+212682892173,FEMALE,01/21/1969
559,Bryan,Brown,+212690930200,FEMALE,09/03/1972
560,Scott,Gibson,+212617734854,MALE,10/16/1964
561,David,Beck,+212626682838,MALE,03/12/1972
562,Zachary,Thornton,+212695169936,FEMALE,05/17/1958
563,Brenda,Wright,+212658422597,MALE,01/20/1978
564,Stephen,Cox,+212661164487,FEMALE,04/28/1968
565,Timothy,Gordon,+212688206476,FEMALE,09/15/1983
566,Katie,Frank,+212620442074,FEMALE,01/05/1976
567,Jeremy,Heath,+212682640040,MALE,08/31/1946
568,Gloria,Ellis,+212617269181,FEMALE,06/21/2002
569,Ryan,Williamson,+212622028920,FEMALE,06/14/2001
570,Alicia,Olson,+212633219219,MALE,05/27/1963
571,Kevin,Poole,+212666781693,MALE,04/18/1945
572,Michael,Wallace,+212618274107,FEMALE,04/06/1963
573,Justin,Gardner,+212654602691,FEMALE,01/05/1989
574,Timothy,Hawkins,+212631494003,FEMALE,09/26/1994
575,Margaret,Jackson,+212626870873,FEMALE,11/08/1957
576,Maria,Reed,+212674804480,FEMALE,05/21/1951
577,Timothy,Warner,+212673571743,MALE,11/10/1972
578,Natalie,Fernandez,+212650573292,FEMALE,02/20/2001
579,Stephen,Baker,+212661925863,MALE,04/24/1946
580,Rose,Bradford,+212616263559,MALE,07/30/1961
581,Tyler,Yang,+212646482318,FEMALE,04/17/1972
582,Timothy,Patterson,+212668798383,MALE,11/21/1956
583,Eric,Alvarado,+212638990106,MALE,05/07/2002
584,Rachel,Gillespie,+212658063019,MALE,06/10/1975
585,Michele,Silva,+212681562457,MALE,04/09/1980
586,Caitlin,Bennett,+212615041827,FEMALE,03/11/1949
587,Donald,Solis,+212655574100,MALE,10/14/1946
588,Ryan,Kaiser,+212611472240,MALE,10/24/2005
589,Kayla,Miller,+212626844061,FEMALE,08/13/2004
590,Erin,Garcia,+212632614397,FEMALE,12/06/1960
591,Erin,Johnson,+212649671647,MALE,05/23/1960
592,Charles,Walsh,+212614073205,FEMALE,07/04/1997
593,Tanya,Miller,+212644658331,FEMALE,02/12/1963
594,John,Jones,+212692520157,MALE,02/09/1946
595,Travis,Fields,+212670805190,FEMALE,03/08/1963
596,Thomas,Collier,+212638131562,MALE,03/13/1992
597,Louis,Smith,+212655057297,FEMALE,07/30/1959
598,Jeremy,Evans,+212689294235,FEMALE,04/21/1972
599,Robin,Santos,+212696688170,FEMALE,10/03/1976
600,Diane,Rodriguez,+212641843803,MALE,12/09/1944
601,Kimberly,Moore,+212648455145,MALE,06/10/1946
602,Sandra,Hawkins,+212683947703,FEMALE,08/11/1966
603,Richard,Weaver,+212688909395,FEMALE,09/11/1978
604,Robert,Davis,+212617487762,MALE,11/14/1984
605,Caroline,Gonzalez,+212646179977,MALE,05/18/1953
606,Eric,Harmon,+212697378068,FEMALE,06/17/1976
607,Katherine,Hernandez,+212677328085,MALE,01/10/1967
608,Cynthia,Wilkins,+212629208490,FEMALE,06/20/1956
609,Gregory,Harris,+212685485215,FEMALE,10/11/1949
610,Tammy,Perkins,+212627902987,MALE,05/07/1986
611,Cory,Gonzalez,+212683038251,FEMALE,06/13/2001
612,Gina,Herrera,+212690564730,MALE,05/29/1975
613,Christopher,Holmes,+212666343770,FEMALE,07/03/1966
614,Anthony,Newton,+212633509783,FEMALE,10/07/1978
615,Sandra,Simmons,+212617632160,MALE,04/14/1967
616,Theresa,Price,+212645999575,FEMALE,10/22/1965
617,Timothy,Kemp,+212640013023,MALE,03/12/1979
618,Edwin,Mills,+212662028346,MALE,05/17/1948
619,Joseph,Williams,+212624153904,MALE,08/17/2003
620,Ryan,Rodriguez,+212698454355,FEMALE,03/18/1962
621,Joseph,Johnson,+212620281711,MALE,02/17/1979
622,David,Davila,+212637199991,FEMALE,02/02/1948
623,Connie,Summers,+212672308192,MALE,12/09/1977
624,Chelsey,Marks,+212689178719,MALE,03/25/1986
625,Vincent,Anderson,+212697406765,FEMALE,10/05/1982
626,Benjamin,Hernandez,+212653675208,FEMALE,09/26/1943
627,Scott,Davidson,+212678682609,MALE,04/23/2003
628,Nicholas,Duncan,+212682454547,FEMALE,03/28/1996
629,Lisa,Cross,+212644309648,MALE,11/25/1954
630,Daniel,Duke,+212684770717,MALE,03/04/1944
631,Jennifer,George,+212613573379,FEMALE,01/15/1972
632,John,Gray,+212655037567,MALE,08/13/1984
633,John,Jackson,+212690248510,FEMALE,11/27/1966
634,Christopher,Mccarty,+212679873378,FEMALE,09/29/1973
635,Gabriel,Jimenez,+212618302700,MALE,02/19/1944
636,Michael,Nichols,+212659529703,FEMALE,04/05/1946
637,Victoria,Sanchez,+212672499219,FEMALE,02/27/1953
638,Christian,Campbell,+212624874369,FEMALE,08/08/1962
639,Barry,Martinez,+212698215856,MALE,01/25/1996
640,Denise,Hunt,+212656360067,MALE,05/11/1998
641,Shari,Gonzalez,+212615347692,FEMALE,05/11/1957
642,William,Saunders,+212658022664,FEMALE,05/05/1947
643,Cheryl,Harris,+212611844635,FEMALE,06/20/1978
644,Stephen,Krause,+212698039630,FEMALE,10/04/1950
645,Maria,Hall,+212651614074,FEMALE,08/09/2005
646,Heather,Hoffman,+212670208483,FEMALE,08/16/1964
647,Sharon,Jones,+212622325498,MALE,01/15/1962
648,Melissa,Golden,+212698864451,FEMALE,09/07/1965
649,Corey,Gaines,+212610317237,FEMALE,12/07/1969
650,Kristina,Vance,+212663474291,MALE,04/17/1967
651,Johnny,Hooper,+212622146711,FEMALE,09/15/2001
652,David,Black,+212683670333,FEMALE,11/24/1971
653,Ashley,Campbell,+212647571136,FEMALE,08/05/1966
654,Marcus,Lopez,+212688172291,FEMALE,10/04/1947
655,Jason,Myers,+212638899496,MALE,10/03/1957
656,Austin,Mendoza,+212691542852,MALE,01/17/1982
657,Patricia,Powell,+212621638013,MALE,01/23/1960
658,Cynthia,Bowen,+212636668941,MALE,07/16/1995
659,Tracy,Campbell,+212695534005,MALE,06/07/1983
660,John,Copeland,+212649433479,MALE,11/26/1980
661,Michael,Ward,+212655123587,FEMALE,11/17/1943
662,Denise,Wiley,+212662582930,FEMALE,04/12/1956
663,Matthew,Serrano,+212613743234,FEMALE,07/31/1971
664,Steven,Knight,+212641486221,MALE,07/29/1965
665,William,Mckinney,+212666103003,FEMALE,02/01/1948
666,Cheryl,Rice,+212685132456,MALE,10/17/2004
667,Ryan,Mcmillan,+212626965701,FEMALE,01/05/2003
668,Kayla,White,+212651400837,FEMALE,06/28/1946
669,Richard,Leon,+212678226219,FEMALE,12/03/1993
670,Kayla,Jones,+212671812416,FEMALE,11/05/1957
671,Richard,Butler,+212670059351,FEMALE,08/19/1946
672,Brian,Willis,+212681338061,FEMALE,04/18/1958
673,Angela,Flores,+212642083397,FEMALE,12/06/1945
674,Allison,Munoz,+212670934870,MALE,02/21/1947
675,Ricardo,Maynard,+212622931320,FEMALE,04/14/1980
676,Lynn,Lopez,+212697471618,MALE,02/16/1996
677,Joshua,Castillo,+212652666459,FEMALE,03/31/1954
678,Lori,Allen,+212662103010,FEMALE,05/18/1972
679,Patrick,Morales,+212642580634,FEMALE,08/30/1960
680,Jeffrey,Wright,+212630103433,MALE,12/22/1952
681,Stanley,Lopez,+212658455394,FEMALE,03/29/1997
682,Rebecca,Moss,+212666322795,FEMALE,09/14/1978
683,Mike,Merritt,+212626600836,MALE,08/24/1998
684,Christopher,Anderson,+212619573068,FEMALE,03/08/1960
685,Sandra,Lee,+212638569594,FEMALE,06/06/1962
686,Kelly,Hendrix,+212669801228,FEMALE,01/09/1977
687,Carla,Austin,+212633679568,FEMALE,02/24/1957
688,Kristen,Hopkins,+212636408050,MALE,07/22/1950
689,Kenneth,Quinn,+212666860319,MALE,08/08/1950
690,Judith,Jones,+212659850475,FEMALE,10/23/1960
691,Carol,Lin,+212650475117,MALE,01/29/1964
692,Nicole,George,+212698292030,MALE,06/03/1948
693,Barbara,Keith,+212694014130,FEMALE,07/09/1998
694,Matthew,Morgan,+212681044154,MALE,07/13/1965
695,Casey,Lee,+212693609502,MALE,09/28/1984
696,Anthony,Wang,+212669371339,FEMALE,04/27/1986
697,Gail,Smith,+212694293761,MALE,08/29/1964
698,Hannah,Coleman,+212689809657,FEMALE,02/23/1997
699,Randall,Hester,+212646892711,MALE,10/02/1966
700,Tina,Gibson,+212691333493,FEMALE,09/05/1961
701,Kelly,Anderson,+212636528788,MALE,02/17/1950
702,Brian,Williams,+212626814622,MALE,03/29/1999
703,Marcus,Harris,+212645591142,MALE,11/10/1963
704,Joseph,Ramirez,+212680232845,MALE,01/22/1962
705,Billy,Hogan,+212681748402,FEMALE,07/16/2002
706,Ashley,Parsons,+212664016355,FEMALE,08/07/1972
707,Peter,Rodriguez,+212632533733,FEMALE,10/25/1982
708,Katie,Meyers,+212628495982,MALE,11/16/1966
709,Roger,Rodriguez,+212628277838,FEMALE,07/04/1996
710,Heidi,Moore,+212647705353,MALE,07/09/1946
711,Laura,Weiss,+212617206555,MALE,10/21/1996
712,Colleen,Hill,+212692214461,MALE,09/29/1994
713,Beverly,Benson,+212615171157,FEMALE,10/17/1947
714,Angela,Finley,+212654863195,MALE,10/30/2005
715,Jennifer,Flores,+212658938519,MALE,04/04/1944
716,Jeffrey,Anderson,+212670950347,FEMALE,06/22/1987
717,Carol,Wong,+212692650639,FEMALE,08/30/1951
718,Aaron,Bennett,+212686213004,FEMALE,04/20/1997
719,Joe,Salas,+212669133138,FEMALE,01/09/1985
720,Jermaine,Sanchez,+212645566734,FEMALE,07/05/1959
721,George,Williams,+212687823351,MALE,12/17/1999
722,James,Valdez,+212640515080,FEMALE,11/16/1959
723,John,Green,+212650353148,MALE,06/03/2003
724,Angela,Pruitt,+212670007993,FEMALE,11/13/1959
725,Cindy,Chase,+212677698753,MALE,08/29/1957
726,Christopher,Anderson,+212652569186,MALE,12/08/1999
727,Meghan,Moore,+212682878928,FEMALE,01/27/2003
728,Victoria,Malone,+212684114666,MALE,07/04/1948
729,Cheryl,Stout,+212630070964,FEMALE,04/10/1944
730,Alejandro,Ferguson,+212650685479,FEMALE,04/24/1964
731,Katherine,Dickerson,+212649146104,MALE,02/10/2004
732,Kayla,Baker,+212653326301,FEMALE,01/22/1989
733,Michael,Travis,+212643273863,FEMALE,12/22/1966
734,Amanda,Hamilton,+212645728655,FEMALE,11/21/1999
735,Pamela,Sellers,+212699138703,FEMALE,06/24/1998
736,Kaylee,Burke,+212655196796,FEMALE,03/09/1981
737,Tonya,Lutz,+212627389749,FEMALE,02/25/1960
738,Chad,Cline,+212623623319,MALE,04/26/1976
739,Timothy,Spencer,+212626585950,MALE,07/15/1968
740,Lisa,Moss,+212657060748,FEMALE,05/06/1997
741,Matthew,Reid,+212615576204,FEMALE,10/23/1975
742,James,Galloway,+212655850128,FEMALE,05/24/1976
743,Linda,Moore,+212694330126,FEMALE,01/18/1950
744,Mary,Vang,+212620626361,MALE,03/16/1994
745,Keith,Becker,+212631181519,MALE,07/11/1996
746,Brandy,Krueger,+212633661839,FEMALE,07/13/1984
747,Bailey,Patel,+212685005811,FEMALE,05/22/1971
748,Richard,Floyd,+212691054013,MALE,10/12/1949
749,Stacy,Smith,+212666312700,MALE,09/28/1999
750,Kimberly,Jones,+212635733351,FEMALE,08/04/1985
751,Robert,Lewis,+212654339320,FEMALE,11/29/1953
752,Erica,Hernandez,+212620286539,FEMALE,12/13/1987
753,Cindy,Riley,+212643433608,MALE,11/11/1987
754,Julia,Gonzalez,+212668743563,FEMALE,12/13/1945
755,Kurt,Welch,+212612818165,MALE,08/03/1991
756,Debbie,Villanueva,+212685665183,MALE,09/29/1975
757,Dawn,King,+212631386289,FEMALE,05/24/1957
758,Vanessa,Hall,+212677777253,FEMALE,05/04/1985
759,Anthony,Oconnor,+212681969265,FEMALE,10/18/1991
760,Margaret,Santana,+212655692733,MALE,08/19/1955
761,Nathan,Chang,+212691373202,MALE,01/23/1963
762,Elizabeth,Parker,+212681977675,MALE,08/18/1951
763,William,Matthews,+212675257991,MALE,06/02/1972
764,Joshua,Maldonado,+212679833231,FEMALE,07/11/1962
765,Kathleen,Martin,+212645467388,MALE,09/21/1992
766,Alicia,Monroe,+212644991556,FEMALE,04/20/2002
767,Samantha,Mercado,+212652092434,MALE,09/27/1974
768,Erin,Hardy,+212660228129,FEMALE,11/11/1968
769,Zachary,Sanchez,+212613442110,MALE,07/04/1977
770,Joshua,Ward,+212639085756,MALE,03/12/2003
771,Andrea,White,+212686830685,FEMALE,07/17/1943
772,David,Rodgers,+212683919159,FEMALE,01/13/1992
773,John,Leon,+212660683545,FEMALE,12/07/1981
774,Jennifer,Kelly,+212656068709,MALE,02/24/1975
775,Daniel,Shaw,+212660753707,MALE,04/03/1954
776,Kristy,Jenkins,+212624547566,FEMALE,03/12/1998
777,Alicia,Patterson,+212690992151,MALE,11/28/1946
778,Mathew,Horn,+212613643283,FEMALE,04/28/1977
779,Lisa,Walters,+212692358220,FEMALE,06/11/1979
780,Thomas,Castillo,+212612598299,MALE,12/10/1970
781,Rose,Murray,+212693289183,MALE,10/28/1962
782,Richard,Brooks,+212630590340,FEMALE,01/24/1949
783,Alexander,Duncan,+212691960689,MALE,02/15/1953
784,Denise,Franco,+212623780443,FEMALE,11/23/1991
785,Shelley,Smith,+212692454837,MALE,02/19/1985
786,Jonathan,Patton,+212635383638,MALE,03/14/2001
787,Cristian,Morrow,+212647507269,FEMALE,11/03/1980
788,Christian,Hancock,+212698069365,FEMALE,06/25/1979
789,Melissa,Hunter,+212620505823,MALE,05/03/1947
790,Andrew,Johns,+212665746380,MALE,10/01/1951
791,Daniel,Nelson,+212642315664,MALE,06/14/1969
792,Jacob,Hernandez,+212650404401,MALE,03/18/1948
793,Evan,Caldwell,+212674090597,MALE,01/01/1999
794,Robert,Cruz,+212655460816,MALE,01/31/1999
795,Troy,Dunn,+212611230070,FEMALE,03/14/1992
796,James,Walters,+212686735209,MALE,11/05/1992
797,David,Bailey,+212678713833,MALE,08/29/2002
798,Jennifer,Hall,+212622389457,MALE,07/12/1984
799,Charles,Dixon,+212674277203,MALE,12/27/1993
800,John,Reese,+212611861076,MALE,11/07/1954
801,Ronald,Lee,+212613292534,MALE,10/31/1993
802,Taylor,Bird,+212657187779,FEMALE,06/10/2006
803,Timothy,Baker,+212641488510,FEMALE,02/15/1946
804,Erin,Carr,+212678831660,MALE,08/08/1948
805,Scott,Adams,+212691960058,FEMALE,02/14/1958
806,Laura,Shannon,+212643532497,MALE,02/28/1999
807,Karen,Garcia,+212658395900,FEMALE,05/22/1993
808,Dylan,Mcdonald,+212663772688,FEMALE,01/08/1950
809,Michael,Hernandez,+212681494774,MALE,11/26/1961
810,Craig,Miller,+212648611711,MALE,07/20/1983
811,Mary,Hunter,+212627991783,MALE,09/28/1982
812,Eric,Johnson,+212632904802,FEMALE,12/12/1964
813,Katherine,Wright,+212689167492,MALE,03/29/1951
814,Destiny,Barrera,+212628569664,FEMALE,04/19/1949
815,Matthew,Diaz,+212644216970,FEMALE,10/13/1979
816,Heather,Coleman,+212629325626,MALE,06/13/1950
817,David,Wright,+212616547790,MALE,06/13/1999
818,Dana,Lloyd,+212635691121,MALE,01/09/1966
819,James,Cannon,+212631268256,FEMALE,10/09/1945
820,Kayla,Evans,+212635647929,MALE,09/18/1946
821,Christian,Moran,+212634425151,FEMALE,09/30/1966
822,Kayla,Carpenter,+212616147126,MALE,08/10/1969
823,Paula,Vargas,+212683762494,FEMALE,07/16/1990
824,Jamie,Allen,+212684733509,MALE,07/22/1990
825,Noah,Brown,+212610268595,FEMALE,04/21/1955
826,Dana,Aguilar,+212674470002,MALE,12/16/1970
827,Brittany,Anderson,+212622278624,FEMALE,11/25/1957
828,Sarah,Bowers,+212673535962,FEMALE,11/01/1984
829,Cynthia,Duran,+212683446022,MALE,06/26/1947
830,Kelly,Harris,+212651265383,FEMALE,10/03/1970
831,Miranda,Thompson,+212684728551,FEMALE,07/25/1965
832,Lance,Wilson,+212640312180,MALE,03/28/1963
833,Christopher,Brown,+212690362069,MALE,02/14/1991
834,Steven,White,+212694368386,MALE,12/19/2000
835,Richard,Gutierrez,+212669586988,MALE,10/07/1980
836,Lisa,Davis,+212671878476,FEMALE,12/29/1968
837,Elizabeth,Stewart,+212612568313,MALE,08/02/2004
838,Katherine,Wood,+212651658338,FEMALE,05/16/2004
839,Jonathan,Brooks,+212694679619,FEMALE,12/22/1990
840,Kyle,Williams,+212652500914,MALE,03/25/1983
841,Heather,Johnson,+212627413595,MALE,09/08/1963
842,Mary,Bruce,+212627979695,MALE,10/03/2003
843,Dennis,Kidd,+212641358299,FEMALE,08/29/1975
844,John,Skinner,+212618610556,FEMALE,03/17/1963
845,Samuel,Barnes,+212637258169,FEMALE,05/30/1951
846,Chad,Martinez,+212685588560,FEMALE,12/04/1995
847,David,Powell,+212629889773,MALE,03/10/1949
848,Brandi,Turner,+212642809589,MALE,07/05/1984
849,David,Fox,+212636244786,MALE,05/28/1997
850,William,Humphrey,+212641131574,MALE,05/22/1988
851,Julie,Haynes,+212680224108,FEMALE,08/28/1976
852,Kelly,Howard,+212645683478,FEMALE,08/19/1983
853,Jeremy,Mitchell,+212658899996,FEMALE,04/10/1960
854,Sarah,Rice,+212642505811,FEMALE,05/22/1987
855,Megan,Solomon,+212662004894,MALE,04/30/1960
856,James,Parker,+212668880212,MALE,08/17/1945
857,Angela,Reid,+212642264756,MALE,02/25/1962
858,Jonathan,King,+212699095207,MALE,11/17/1951
859,Samantha,Hunter,+212619116840,MALE,09/22/2005
860,Gregory,Kaufman,+212669170210,FEMALE,09/25/1998
861,Richard,Smith,+212665071183,FEMALE,12/24/1952
862,Micheal,Kidd,+212634165279,FEMALE,07/15/1967
863,Angela,Holt,+212613835467,FEMALE,07/23/1976
864,John,Villegas,+212639860090,FEMALE,02/20/1956
865,Daniel,Davis,+212665728546,FEMALE,07/20/1995
866,Amber,Harper,+212617119514,FEMALE,12/20/1983
867,Michael,Butler,+212624710778,FEMALE,11/04/1975
868,Erin,Thomas,+212639685676,MALE,09/04/2002
869,Randy,West,+212656459831,MALE,01/08/1960
870,Anthony,Montgomery,+212628320356,MALE,11/29/1999
871,Austin,James,+212690797216,MALE,08/16/1974
872,Paul,Wood,+212647545258,MALE,07/17/1961
873,Taylor,Smith,+212661465432,MALE,11/12/1993
874,Eric,Haynes,+212623632434,MALE,06/25/1961
875,Donna,Nelson,+212643273468,FEMALE,11/27/1949
876,Paul,Baker,+212629984649,FEMALE,02/26/1963
877,Jeffrey,Schmidt,+212688031489,MALE,01/24/1992
878,Scott,Johnson,+212610085016,FEMALE,03/31/1962
879,Linda,Sanchez,+212658915991,MALE,02/27/1962
880,Allen,Martinez,+212614316780,FEMALE,11/05/1972
881,Mary,Dixon,+212613044636,MALE,08/21/1957
882,Kathleen,Thomas,+212648104891,MALE,12/13/1959
883,Andrew,Carr,+212661947850,MALE,08/19/1992
884,Michael,Harrison,+212668092051,MALE,07/31/1949
885,William,Montgomery,+212651968354,FEMALE,10/21/1970
886,Chris,Johnston,+212649488630,FEMALE,12/15/1995
887,Michelle,Romero,+212623019820,FEMALE,03/31/1970
888,Alicia,Stewart,+212674253941,FEMALE,09/19/1989
889,Kayla,Smith,+212640765779,MALE,02/13/1953
890,Elizabeth,Hughes,+212613413475,FEMALE,07/27/1951
891,Stephanie,Gordon,+212637444434,MALE,03/15/1944
892,Laurie,Smith,+212614427495,FEMALE,12/29/2003
893,Autumn,Martin,+212621815251,MALE,02/10/1984
894,Russell,Zhang,+212691266992,MALE,11/30/1951
895,John,Garcia,+212624427100,MALE,02/07/2000
896,Jeffrey,Thompson,+212695773946,FEMALE,08/01/1992
897,Debra,Rogers,+212679725341,MALE,05/27/1945
898,Brittany,Hernandez,+212642818417,MALE,11/09/1974
899,Brian,Woodard,+212676045118,FEMALE,08/19/1950
900,John,Clements,+212635076478,MALE,02/03/1948
901,Bradley,Bryant,+212623418078,FEMALE,08/17/1956
902,Kathleen,Aguilar,+212691382412,FEMALE,01/04/1981
903,Susan,Mcdonald,+212639820978,FEMALE,08/30/1979
904,Sheri,Perkins,+212617749942,MALE,10/26/2000
905,Lori,Kelley,+212631012058,FEMALE,08/24/1955
906,Jacqueline,Mejia,+212694360737,FEMALE,08/22/1988
907,Logan,Sims,+212656210760,FEMALE,04/08/2000
908,Carol,Campbell,+212632823423,FEMALE,07/13/1947
909,Joshua,Fletcher,+212657072863,MALE,11/17/1994
910,Abigail,Dean,+212638192363,FEMALE,12/16/1958
911,Lisa,Rivera,+212622291740,FEMALE,09/07/1980
912,Rebecca,Paul,+212656123331,MALE,06/17/1964
913,Jennifer,Walsh,+212666933013,MALE,09/12/1985
914,Jordan,Estrada,+212678497139,FEMALE,06/14/1996
915,Amber,Juarez,+212676583600,MALE,04/18/2003
916,Veronica,Austin,+212612991818,FEMALE,10/28/1954
917,Larry,Cooper,+212665781758,MALE,06/05/1987
918,Laurie,Hunt,+212668320971,MALE,12/06/1979
919,Molly,Novak,+212687052152,MALE,02/14/1951
920,Veronica,Higgins,+212673465595,FEMALE,10/06/1948
921,Justin,Mckee,+212680786525,MALE,02/21/2002
922,Joseph,Morrow,+212616978352,MALE,06/09/1983
923,Javier,Williams,+212681560694,MALE,10/08/1965
924,Jeremy,Garcia,+212658674396,FEMALE,08/22/1993
925,David,Paul,+212625492084,MALE,09/10/1953
926,Megan,White,+212656171331,FEMALE,05/03/1951
927,Jacob,Austin,+212670848926,FEMALE,11/14/1987
928,Brandon,Carter,+212646580072,FEMALE,01/21/1979
929,James,Frye,+212692053148,FEMALE,10/10/1968
930,Melinda,Taylor,+212612557846,MALE,12/16/2005
931,Natalie,Lee,+212666965866,MALE,11/09/1965
932,Crystal,Castro,+212679441710,FEMALE,05/02/1982
933,Thomas,Taylor,+212665432248,MALE,10/25/1984
934,Wendy,Jacobson,+212687913727,MALE,02/14/1953
935,Michael,Foley,+212646934747,MALE,08/21/1972
936,Theresa,Watson,+212625974178,MALE,09/05/1977
937,Bruce,Rivera,+212694739529,FEMALE,12/31/1991
938,Melissa,Hayes,+212697753609,MALE,10/03/1973
939,John,Vance,+212651582939,FEMALE,01/23/1958
940,Jamie,Williams,+212650186934,FEMALE,03/06/2003
941,Bradley,Giles,+212653405315,MALE,05/21/1997
942,Shawn,Cohen,+212635045324,FEMALE,11/26/1951
943,Michelle,Owens,+212691088361,MALE,05/06/1973
944,Carol,Bass,+212664814844,MALE,09/03/1952
945,Diana,Thompson,+212618421720,FEMALE,11/30/1944
946,Tanya,Tyler,+212679594054,FEMALE,04/04/1967
947,Kayla,Moore,+212674856451,MALE,01/28/2004
948,Derek,Rose,+212620114341,MALE,01/16/1984
949,Ashley,Fisher,+212696888452,MALE,03/07/1982
950,Christine,Griffin,+212626968062,FEMALE,03/10/2002
951,April,Klein,+212661642346,MALE,11/04/1952
952,Maureen,Alvarado,+212622785697,MALE,04/29/1987
953,Tina,Stark,+212612817762,FEMALE,04/22/1958
954,Holly,Snyder,+212688456319,MALE,03/31/1966
955,Joshua,Stewart,+212636326358,MALE,04/13/1998
956,Kathy,Reeves,+212684207641,FEMALE,02/06/1993
957,Matthew,Holmes,+212630037221,MALE,04/04/1950
958,Douglas,Berry,+212647342915,FEMALE,03/07/2004
959,James,Norton,+212632722306,FEMALE,06/05/1954
960,Lucas,Silva,+212616445172,MALE,03/08/1996
961,Marcus,Hodge,+212698760682,FEMALE,10/04/1966
962,Taylor,Lee,+212697775843,FEMALE,09/03/1946
963,Frank,Bentley,+212614919233,FEMALE,12/16/2005
964,Brittany,Garrett,+212682166625,FEMALE,04/18/1967
965,Kurt,Mcneil,+212690988920,MALE,12/21/1962
966,David,Manning,+212693786979,MALE,11/17/1968
967,Jacob,Lutz,+212685108054,FEMALE,12/16/1974
968,Brian,Maldonado,+212654344605,MALE,07/17/1983
969,Frank,Schwartz,+212683039553,MALE,07/05/1981
970,Deborah,Bryan,+212683339341,MALE,07/21/1956
971,Deborah,Barnett,+212697067392,FEMALE,11/08/1988
972,Christina,Rodriguez,+212628775028,MALE,10/06/1974
973,Timothy,Harper,+212638824195,FEMALE,12/27/1952
974,Elizabeth,Mccoy,+212681918233,FEMALE,08/13/2004
975,Anthony,Wagner,+212680990524,FEMALE,08/28/1999
976,Danielle,Richards,+212675242307,FEMALE,10/30/1990
977,Jeffrey,Odonnell,+212615561714,MALE,02/14/1990
978,Noah,Butler,+212610154891,FEMALE,12/08/1989
979,April,Stokes,+212694436100,MALE,08/02/1964
980,Donna,Reid,+212636493157,FEMALE,08/28/1949
981,Shawn,Ryan,+212674136697,FEMALE,08/03/1964
982,Gina,Lewis,+212642961146,FEMALE,01/30/1991
983,Jason,Schmidt,+212680064277,FEMALE,03/24/1965
984,Terri,Jenkins,+212658593418,MALE,06/24/1958
985,Johnny,Welch,+212611590731,FEMALE,06/12/1959
986,Kevin,Lee,+212694054345,MALE,02/01/1957
987,Michelle,Johnson,+212652889608,MALE,06/02/1967
988,Phyllis,Simmons,+212679152772,MALE,03/07/2002
989,Anthony,Quinn,+212685116124,MALE,11/22/1968
990,Jason,Wallace,+212625051704,MALE,05/26/1945
991,Bryan,Lee,+212635787370,FEMALE,01/13/1956
992,James,Stanley,+212650183292,FEMALE,07/03/1959
993,Jessica,Mckinney,+212676711726,MALE,09/23/1963
994,Kim,Pratt,+212662521910,MALE,10/14/1975
995,Jennifer,Vang,+212685404166,FEMALE,03/17/2005
996,Kimberly,Kelly,+212679659823,MALE,02/10/1997
997,Mary,Bond,+212681514662,MALE,12/28/2004
998,Kelli,Barnes,+212649230643,FEMALE,05/14/1958
999,Adrian,Bailey,+212682504800,MALE,03/22/1954
1000,Christine,Ferguson,+212626627799,MALE,05/03/1989
